"evm_kernel" , "Booting evm_kernel" , "Decoding" ,  386656 ,  1.206702 
"evm_kernel" , "Booting evm_kernel" , "Linking" ,  4 ,  0.000004 
"evm_kernel" , "Booting evm_kernel" , "Initialisation" ,  1189812 ,  0.358912 
"evm_kernel" , "Booting evm_kernel" , "Evaluation" ,  8320 ,  0.002024 
"evm_kernel" , "Booting evm_kernel" , "Finish" ,  2 ,  0.000001 
"evm_kernel" , "Run a contract 0" , "Decoding" ,  386656 ,  1.035344 
"evm_kernel" , "Run a contract 0" , "Linking" ,  4 ,  0.000004 
"evm_kernel" , "Run a contract 0" , "Initialisation" ,  1189812 ,  0.347808 
"evm_kernel" , "Run a contract 0" , "Evaluation" ,  481845 ,  0.121383 
"evm_kernel" , "Run a contract 0" , "Finish" ,  2 ,  0.000002 
"evm_kernel" , "Run a contract 1" , "Decoding" ,  386656 ,  1.058006 
"evm_kernel" , "Run a contract 1" , "Linking" ,  4 ,  0.000003 
"evm_kernel" , "Run a contract 1" , "Initialisation" ,  1189812 ,  0.266766 
"evm_kernel" , "Run a contract 1" , "Evaluation" ,  5208313 ,  1.239503 
"evm_kernel" , "Run a contract 1" , "Finish" ,  2 ,  0.000001 
"evm_kernel" , "Run a contract 2" , "Decoding" ,  386656 ,  0.931752 
"evm_kernel" , "Run a contract 2" , "Linking" ,  4 ,  0.000004 
"evm_kernel" , "Run a contract 2" , "Initialisation" ,  1189812 ,  0.255129 
"evm_kernel" , "Run a contract 2" , "Evaluation" ,  9934413 ,  2.363666 
"evm_kernel" , "Run a contract 2" , "Finish" ,  2 ,  0.000002 
"evm_kernel" , "Run a contract 3" , "Decoding" ,  386656 ,  1.010293 
"evm_kernel" , "Run a contract 3" , "Linking" ,  4 ,  0.000004 
"evm_kernel" , "Run a contract 3" , "Initialisation" ,  1189812 ,  0.255252 
"evm_kernel" , "Run a contract 3" , "Evaluation" ,  14654259 ,  3.565703 
"evm_kernel" , "Run a contract 3" , "Finish" ,  2 ,  0.000001 
"evm_kernel" , "Run a contract 4" , "Decoding" ,  386656 ,  1.005493 
"evm_kernel" , "Run a contract 4" , "Linking" ,  4 ,  0.000003 
"evm_kernel" , "Run a contract 4" , "Initialisation" ,  1189812 ,  0.253580 
"evm_kernel" , "Run a contract 4" , "Evaluation" ,  19365859 ,  4.678225 
"evm_kernel" , "Run a contract 4" , "Finish" ,  2 ,  0.000001 
"evm_kernel" , "Run a contract 5" , "Decoding" ,  386656 ,  0.966522 
"evm_kernel" , "Run a contract 5" , "Linking" ,  4 ,  0.000003 
"evm_kernel" , "Run a contract 5" , "Initialisation" ,  1189812 ,  0.239927 
"evm_kernel" , "Run a contract 5" , "Evaluation" ,  24077459 ,  5.562892 
"evm_kernel" , "Run a contract 5" , "Finish" ,  2 ,  0.000001 
"evm_kernel" , "Run a contract 6" , "Decoding" ,  386656 ,  0.893006 
"evm_kernel" , "Run a contract 6" , "Linking" ,  4 ,  0.000003 
"evm_kernel" , "Run a contract 6" , "Initialisation" ,  1189812 ,  0.231258 
"evm_kernel" , "Run a contract 6" , "Evaluation" ,  28789059 ,  6.619212 
"evm_kernel" , "Run a contract 6" , "Finish" ,  2 ,  0.000002 
"evm_kernel" , "Run a contract 7" , "Decoding" ,  386656 ,  0.919309 
"evm_kernel" , "Run a contract 7" , "Linking" ,  4 ,  0.000003 
"evm_kernel" , "Run a contract 7" , "Initialisation" ,  1189812 ,  0.230713 
"evm_kernel" , "Run a contract 7" , "Evaluation" ,  33500659 ,  6.999893 
"evm_kernel" , "Run a contract 7" , "Finish" ,  2 ,  0.000001 
"evm_kernel" , "Run a contract 8" , "Decoding" ,  386656 ,  0.861005 
"evm_kernel" , "Run a contract 8" , "Linking" ,  4 ,  0.000003 
"evm_kernel" , "Run a contract 8" , "Initialisation" ,  1189812 ,  0.219165 
"evm_kernel" , "Run a contract 8" , "Evaluation" ,  38212259 ,  7.893127 
"evm_kernel" , "Run a contract 8" , "Finish" ,  2 ,  0.000001 
"evm_kernel" , "Run a contract 9" , "Decoding" ,  386656 ,  0.867363 
"evm_kernel" , "Run a contract 9" , "Linking" ,  4 ,  0.000003 
"evm_kernel" , "Run a contract 9" , "Initialisation" ,  1189812 ,  0.234702 
"evm_kernel" , "Run a contract 9" , "Evaluation" ,  42923859 ,  9.126598 
"evm_kernel" , "Run a contract 9" , "Finish" ,  2 ,  0.000001 
"evm_kernel" , "Run a contract 10" , "Decoding" ,  386656 ,  0.907354 
"evm_kernel" , "Run a contract 10" , "Linking" ,  4 ,  0.000003 
"evm_kernel" , "Run a contract 10" , "Initialisation" ,  1189812 ,  0.266294 
"evm_kernel" , "Run a contract 10" , "Evaluation" ,  47635459 ,  9.885579 
"evm_kernel" , "Run a contract 10" , "Finish" ,  2 ,  0.000001 
"evm_kernel" , "Run a contract 11" , "Decoding" ,  386656 ,  1.174629 
"evm_kernel" , "Run a contract 11" , "Linking" ,  4 ,  0.000003 
"evm_kernel" , "Run a contract 11" , "Initialisation" ,  1189812 ,  0.269747 
"evm_kernel" , "Run a contract 11" , "Evaluation" ,  52347059 ,  12.980443 
"evm_kernel" , "Run a contract 11" , "Finish" ,  2 ,  0.000002 
"evm_kernel" , "Run a contract 12" , "Decoding" ,  386656 ,  1.017685 
"evm_kernel" , "Run a contract 12" , "Linking" ,  4 ,  0.000003 
"evm_kernel" , "Run a contract 12" , "Initialisation" ,  1189812 ,  0.283604 
"evm_kernel" , "Run a contract 12" , "Evaluation" ,  57058659 ,  14.461261 
"evm_kernel" , "Run a contract 12" , "Finish" ,  2 ,  0.000001 
"evm_kernel" , "Run a contract 13" , "Decoding" ,  386656 ,  1.030811 
"evm_kernel" , "Run a contract 13" , "Linking" ,  4 ,  0.000011 
"evm_kernel" , "Run a contract 13" , "Initialisation" ,  1189812 ,  0.291986 
"evm_kernel" , "Run a contract 13" , "Evaluation" ,  61770259 ,  15.613957 
"evm_kernel" , "Run a contract 13" , "Finish" ,  2 ,  0.000002 
"evm_kernel" , "Run a contract 14" , "Decoding" ,  386656 ,  1.123499 
"evm_kernel" , "Run a contract 14" , "Linking" ,  4 ,  0.000003 
"evm_kernel" , "Run a contract 14" , "Initialisation" ,  1189812 ,  0.324355 
"evm_kernel" , "Run a contract 14" , "Evaluation" ,  66481859 ,  14.441463 
"evm_kernel" , "Run a contract 14" , "Finish" ,  2 ,  0.000001 
"evm_kernel" , "Run a contract 15" , "Decoding" ,  386656 ,  0.882224 
"evm_kernel" , "Run a contract 15" , "Linking" ,  4 ,  0.000003 
"evm_kernel" , "Run a contract 15" , "Initialisation" ,  1189812 ,  0.214016 
"evm_kernel" , "Run a contract 15" , "Evaluation" ,  71193459 ,  17.281831 
"evm_kernel" , "Run a contract 15" , "Finish" ,  2 ,  0.000001 
"evm_kernel" , "Run a contract 16" , "Decoding" ,  386656 ,  0.954260 
"evm_kernel" , "Run a contract 16" , "Linking" ,  4 ,  0.000003 
"evm_kernel" , "Run a contract 16" , "Initialisation" ,  1189812 ,  0.245699 
"evm_kernel" , "Run a contract 16" , "Evaluation" ,  75905059 ,  18.355984 
"evm_kernel" , "Run a contract 16" , "Finish" ,  2 ,  0.000001 
"evm_kernel" , "Run a contract 17" , "Decoding" ,  386656 ,  1.116614 
"evm_kernel" , "Run a contract 17" , "Linking" ,  4 ,  0.000004 
"evm_kernel" , "Run a contract 17" , "Initialisation" ,  1189812 ,  0.276356 
"evm_kernel" , "Run a contract 17" , "Evaluation" ,  80616659 ,  19.714534 
"evm_kernel" , "Run a contract 17" , "Finish" ,  2 ,  0.000001 
"evm_kernel" , "Run a contract 18" , "Decoding" ,  386656 ,  0.900141 
"evm_kernel" , "Run a contract 18" , "Linking" ,  4 ,  0.000003 
"evm_kernel" , "Run a contract 18" , "Initialisation" ,  1189812 ,  0.230940 
"evm_kernel" , "Run a contract 18" , "Evaluation" ,  85328259 ,  20.956283 
"evm_kernel" , "Run a contract 18" , "Finish" ,  2 ,  0.000001 
